Customer_id,State,City,Street,Zip_Code
1,NY,Rochester,7837 Desiree Centers Apt. 075,14626
2,NY,Rochester,"PSC 8145, Box 8464",14624
3,NY,Rochester,7482 Aaron Coves,14615
4,NY,Rochester,0933 Taylor Freeway Apt. 179,14610
5,NY,Rochester,08646 James Land,14606
6,NY,Rochester,3445 Evans Mountain Apt. 707,14608
7,NY,Rochester,488 Fields Ferry,14606
8,NY,Rochester,0884 Phillips Locks Suite 722,14623
9,NY,Rochester,Unit 6336 Box 5990,14621
10,NY,Rochester,2526 Smith Unions Suite 110,14627
11,NY,Rochester,20714 Bruce Forest Suite 550,14626
12,NY,Rochester,7399 John Inlet,14623
13,NY,Rochester,754 Bryan Canyon Apt. 718,14608
14,NY,Rochester,6543 Michael Squares,14610
15,NY,Rochester,Unit 3356 Box 7591,14604
16,NY,Rochester,9036 Tucker Summit Suite 262,14613
17,NY,Rochester,3420 Kimberly Mills,14626
18,NY,Rochester,USS Roberts,14615
19,NY,Rochester,54167 Jones Prairie Apt. 116,14610
20,NY,Rochester,23582 Wendy Lane Apt. 496,14611
21,NY,Rochester,35198 Alexander Groves Suite 050,14608
22,NY,Rochester,4831 Reed Circle Suite 100,14620
23,NY,Rochester,756 Case Landing Suite 818,14608
24,NY,Rochester,588 Lisa Track,14618
25,NY,Rochester,Unit 1296 Box 3824,14609
26,NY,Rochester,26357 Stephanie Radial,14609
27,NY,Rochester,22112 Zimmerman Mall Apt. 612,14616
28,NY,Rochester,07627 Jacob Dam,14625
29,NY,Rochester,26335 Rachel Flats,14627
30,NY,Rochester,7490 Riley Canyon Apt. 101,14626
31,NY,Rochester,46552 Johnson Road Suite 828,14608
32,NY,Rochester,385 Michael Tunnel,14612
33,NY,Rochester,Unit 7378 Box 9886,14611
34,NY,Rochester,17723 Gomez Spring Suite 267,14618
35,NY,Rochester,67272 Stanley Greens,14622
36,NY,Rochester,68122 Nicole Junction Suite 133,14619
37,NY,Rochester,883 Kimberly Viaduct Apt. 564,14614
38,NY,Rochester,224 Walters Estates,14613
39,NY,Rochester,0414 Fowler Branch,14614
40,NY,Rochester,766 Peterson Mews,14622
41,NY,Rochester,"PSC 2261, Box 2346",14627
42,NY,Rochester,220 Sarah Rest Suite 369,14620
43,NY,Rochester,826 Fuller Ford Suite 245,14606
44,NY,Rochester,27370 Thomas Passage,14608
45,NY,Rochester,82344 Brown Crossing Suite 632,14617
46,NY,Rochester,0832 Ariel Prairie,14609
47,NY,Rochester,USS Hodge,14614
48,NY,Rochester,0749 Gregory Prairie,14604
49,NY,Rochester,3832 Nicholas Spur Apt. 318,14609
50,NY,Rochester,6799 Diaz Stravenue,14608
51,NY,Rochester,595 Christy Ville,14615
52,NY,Rochester,6211 Leonard Mountains Apt. 482,14607
53,NY,Rochester,08906 Warren Forge,14610
54,NY,Rochester,5980 Omar Knolls Apt. 106,14604
55,NY,Rochester,"PSC 9042, Box 0266",14614
56,NY,Rochester,9615 Miller Park,14607
57,NY,Rochester,64336 Kenneth Garden,14624
58,NY,Rochester,97809 Edward Inlet,14606
59,NY,Rochester,14592 Robinson Stravenue,14623
60,NY,Rochester,7788 Andrea Isle Apt. 392,14624
61,NY,Rochester,249 Julie Plains Suite 481,14607
62,NY,Rochester,442 Mendoza Terrace,14615
63,NY,Rochester,2478 Mitchell Greens Suite 450,14608
64,NY,Rochester,2447 Benjamin Overpass Suite 628,14616
65,NY,Rochester,2975 Anna Turnpike Suite 763,14623
66,NY,Rochester,84683 Jerry Manors Apt. 726,14609
67,NY,Rochester,9470 Jennifer Flats,14624
68,NY,Rochester,"PSC 4039, Box 8715",14623
69,NY,Rochester,825 David Branch,14607
70,NY,Rochester,22597 Larry Ridge,14617
71,NY,Rochester,002 Rogers Drive Apt. 997,14605
72,NY,Rochester,43517 Zimmerman River Apt. 133,14608
73,NY,Rochester,601 Thomas Village Apt. 054,14619
74,NY,Rochester,387 Hopkins Knoll,14623
75,NY,Rochester,USCGC Edwards,14611
76,NY,Rochester,"PSC 5880, Box 0809",14619
77,NY,Rochester,1452 Bell Brooks,14613
78,NY,Rochester,94877 Gilbert Stravenue Apt. 653,14622
79,NY,Rochester,"PSC 9991, Box 4101",14617
80,NY,Rochester,8062 Hanson Wall Apt. 434,14605
81,NY,Rochester,USS Bailey,14627
82,NY,Rochester,8606 Franklin Heights,14621
83,NY,Rochester,053 Heather Pine Suite 313,14613
84,NY,Rochester,35803 Jennifer Overpass Apt. 061,14614
85,NY,Rochester,9318 Wright Grove Suite 454,14616
86,NY,Rochester,000 Patrick Burg Apt. 242,14622
87,NY,Rochester,36846 Simpson Streets,14607
88,NY,Rochester,24060 Chloe Mount Apt. 159,14617
89,NY,Rochester,81037 Samantha Cliff Apt. 572,14627
90,NY,Rochester,2824 Flores Forest Suite 819,14615
91,NY,Rochester,356 Miller Ways,14623
92,NY,Rochester,8112 Gill Junction,14604
93,NY,Rochester,777 Melissa Heights Apt. 697,14609
94,NY,Rochester,4923 Bradshaw Bridge Apt. 552,14607
95,NY,Rochester,40481 Gill Road Suite 668,14619
96,NY,Rochester,200 Moore Spur,14607
97,NY,Rochester,42680 Amy Junctions,14623
98,NY,Rochester,667 Kennedy River,14613
99,NY,Rochester,2486 Bolton Lock Suite 116,14617
100,NY,Rochester,1564 Williams Garden Suite 060,14616
101,NY,Rochester,030 Christopher Canyon Apt. 633,14610
102,NY,Rochester,6986 Frye Land,14621
103,NY,Rochester,012 Stacy Plain,14625
104,NY,Rochester,4136 Shawn Mews Apt. 044,14609
105,NY,Rochester,3532 Thomas Ramp Apt. 081,14619
106,NY,Rochester,59043 Taylor Lake Apt. 168,14613
107,NY,Rochester,880 Duncan Parks Suite 677,14620
108,NY,Rochester,71269 Mark Street Apt. 097,14606
109,NY,Rochester,46659 Tabitha Extension,14614
110,NY,Rochester,092 John Row Suite 671,14612
111,NY,Rochester,5633 Vasquez Prairie Apt. 930,14625
112,NY,Rochester,95937 Amy Flats Apt. 642,14627
113,NY,Rochester,USS Wood,14625
114,NY,Rochester,9996 Carey Fall Apt. 986,14612
115,NY,Rochester,194 Hill View,14621
116,NY,Rochester,81061 Miranda Cape,14623
117,NY,Rochester,12714 Thomas Ways Apt. 551,14610
118,NY,Rochester,94514 Pope Turnpike Apt. 710,14604
119,NY,Rochester,420 Cynthia Cape,14613
120,NY,Rochester,"PSC 2262, Box 2012",14616
121,NY,Rochester,12229 Bradley Forks,14607
122,NY,Rochester,2962 Kenneth Groves Apt. 234,14620
123,NY,Rochester,46104 Tanya Divide Suite 525,14604
124,NY,Rochester,842 Rodriguez Lock Apt. 054,14620
125,NY,Rochester,55856 Riley Islands Suite 697,14613
126,NY,Rochester,547 Sarah Forks,14607
127,NY,Rochester,134 Jeffrey Ridge,14617
128,NY,Rochester,09207 Taylor Avenue Suite 368,14616
129,NY,Rochester,509 Valerie Springs,14612
130,NY,Rochester,3325 Victoria Harbors,14614
131,NY,Rochester,5421 Delacruz Rest Suite 379,14627
132,NY,Rochester,7549 Timothy Stream Suite 670,14611
133,NY,Rochester,718 David Pine Suite 805,14620
134,NY,Rochester,3606 Hodge Port,14604
135,NY,Rochester,869 Garcia Greens,14627
136,NY,Rochester,325 Obrien Crest Suite 883,14618
137,NY,Rochester,5790 Amanda Station Suite 265,14621
138,NY,Rochester,89219 Rhodes Parkways,14607
139,NY,Rochester,9262 Sanchez Knoll,14615
140,NY,Rochester,38659 Tiffany Mountains,14619
141,NY,Rochester,569 Warren Groves Suite 399,14610
142,NY,Rochester,780 Edward Hill,14611
143,NY,Rochester,958 Johnson Centers Suite 352,14615
144,NY,Rochester,898 Mcknight Curve,14621
145,NY,Rochester,58341 Bennett Branch,14615
146,NY,Rochester,83426 Regina Junctions,14608
147,NY,Rochester,75824 Alicia Lodge Suite 999,14611
148,NY,Rochester,56034 Kristina Springs Apt. 116,14617
149,NY,Rochester,2815 Erin Divide Apt. 646,14614
150,NY,Rochester,1696 Laura Track,14621
151,NY,Rochester,8059 Chelsea Gardens Suite 414,14606
152,NY,Rochester,24887 Mitchell Mountain Suite 288,14619
153,NY,Rochester,82434 Elizabeth Path,14622
154,NY,Rochester,856 Reid Way Suite 413,14614
155,NY,Rochester,428 Wilson Viaduct,14621
156,NY,Rochester,88037 Carlson Club Apt. 281,14622
157,NY,Rochester,81085 Yates Springs Suite 286,14609
158,NY,Rochester,00930 Ellis Springs,14619
159,NY,Rochester,USNS Williams,14619
160,NY,Rochester,USNV Diaz,14627
161,NY,Rochester,13837 Taylor Light,14621
162,NY,Rochester,12243 Ortega Key Suite 004,14616
163,NY,Rochester,624 Grace Green,14608
164,NY,Rochester,41809 Rogers Ramp,14604
165,NY,Rochester,526 Leach Stream Apt. 001,14608
166,NY,Rochester,0565 Mary Drive,14619
167,NY,Rochester,203 Walton Drives,14619
168,NY,Rochester,22293 Michael Trace Suite 183,14622
169,NY,Rochester,181 Sean Plains Apt. 811,14612
170,NY,Rochester,24965 Holly Forks Apt. 059,14607
171,NY,Rochester,201 Bruce Place,14611
172,NY,Rochester,28577 Nathan Bridge Suite 580,14617
173,NY,Rochester,1478 Vargas River,14614
174,NY,Rochester,"PSC 7090, Box 8837",14623
175,NY,Rochester,591 Jonathan Rapid Suite 688,14605
176,NY,Rochester,01971 Collins Drives,14611
177,NY,Rochester,7290 Deborah Bypass,14612
178,NY,Rochester,279 Gutierrez Landing Suite 980,14616
179,NY,Rochester,3771 Joshua Loop,14608
180,NY,Rochester,7461 Martinez Union,14621
181,NY,Rochester,140 Stephen Vista Suite 605,14615
182,NY,Rochester,008 Walsh Villages Apt. 007,14624
183,NY,Rochester,63713 Marshall Trace,14605
184,NY,Rochester,05289 Marshall Mews,14614
185,NY,Rochester,980 Daniel Harbors,14623
186,NY,Rochester,2539 Crystal Spring,14620
187,NY,Rochester,2109 Allison Haven Suite 396,14615
188,NY,Rochester,5615 Sarah Lock,14627
189,NY,Rochester,3491 Collier Hill,14612
190,NY,Rochester,423 Adrienne Mission Apt. 037,14608
191,NY,Rochester,USNV Bush,14618
192,NY,Rochester,8885 Walsh Garden,14610
193,NY,Rochester,699 Jamie Forks Suite 995,14627
194,NY,Rochester,86962 Cook Extension,14616
195,NY,Rochester,931 Mcdaniel Square,14607
196,NY,Rochester,3648 Erika Stravenue Suite 449,14616
197,NY,Rochester,314 Short Terrace Apt. 183,14614
198,NY,Rochester,"PSC 4266, Box 9124",14612
199,NY,Rochester,5914 Dillon Hill Apt. 560,14623
200,NY,Rochester,Unit 7842 Box 9425,14627
