Customer_id,DOB,Gender,Phone_Num,F_name,L_name,Email
1,1982/1/8,U,7857598318,Thomas,Pierson,ThomasPierson3@sample.com
2,2001/11/11,U,8691238144,Dorothy,Jones,DorothyJones10@sample.com
3,1998/9/27,M,5365417127,Bridget,Suter,BridgetSuter7@sample.com
4,1930/12/3,F,1163188313,Bonnie,Powell,BonniePowell7@sample.com
5,1973/7/26,F,2457467836,Marlene,Symes,MarleneSymes9@sample.com
6,1996/4/1,M,7912755772,Francis,Mackinder,FrancisMackinder5@sample.com
7,1956/9/16,M,1892634271,Frances,Sandoval,FrancesSandoval6@sample.com
8,1926/4/21,M,2147913116,Thomas,Humphrey,ThomasHumphrey6@sample.com
9,1935/7/25,F,4144886079,William,Betton,WilliamBetton2@sample.com
10,1971/12/20,M,9051248879,Martha,Ramaudar,MarthaRamaudar3@sample.com
11,1997/6/17,F,7412865391,Nancy,Maples,NancyMaples3@sample.com
12,1954/1/30,F,4456719792,Rose,Berg,RoseBerg6@sample.com
13,1944/7/31,M,4602812528,Kathy,Docken,KathyDocken2@sample.com
14,1988/4/25,F,3179538102,Ursula,West,UrsulaWest7@sample.com
15,1946/6/21,M,8841584032,Jennifer,Mendoza,JenniferMendoza7@sample.com
16,1972/3/4,M,5166892383,Julie,Marshall,JulieMarshall6@sample.com
17,1973/8/2,F,8305395071,Anthony,Pena,AnthonyPena8@sample.com
18,1975/7/31,M,5704065557,Danielle,Seidlitz,DanielleSeidlitz9@sample.com
19,2008/9/27,U,8585648209,Tera,Olive,TeraOlive0@sample.com
20,1991/11/20,F,8737271678,Jason,Moreno,JasonMoreno10@sample.com
21,1972/4/7,M,2794084253,Manuel,Edwards,ManuelEdwards4@sample.com
22,1967/11/22,F,9982677449,Karen,Sale,KarenSale2@sample.com
23,1927/9/24,F,2321833602,Charles,Soto,CharlesSoto6@sample.com
24,1944/12/19,F,7574130961,Marjorie,Moreno,MarjorieMoreno0@sample.com
25,1941/2/18,U,9383006097,Mark,Muir,MarkMuir6@sample.com
26,1935/7/22,M,6675177708,Raymond,Engel,RaymondEngel7@sample.com
27,1999/11/10,M,6333348519,Linnie,Rodriguez,LinnieRodriguez1@sample.com
28,1929/2/24,F,1241808619,Mike,Racine,MikeRacine2@sample.com
29,1969/1/16,M,6966311287,Bruce,Craig,BruceCraig4@sample.com
30,1978/4/19,F,9509307991,Jessica,White,JessicaWhite1@sample.com
31,1986/2/3,M,9593961241,Jason,Matthews,JasonMatthews9@sample.com
32,1935/11/18,U,4602979823,Nathan,Rael,NathanRael7@sample.com
33,1949/8/28,M,3595829355,James,Johnson,JamesJohnson9@sample.com
34,1982/9/27,M,4963928837,Jose,Peterson,JosePeterson5@sample.com
35,1971/12/24,M,7163540642,Monty,Lee,MontyLee2@sample.com
36,1959/3/26,F,7645515297,Victor,Mimes,VictorMimes10@sample.com
37,2007/8/20,F,8023179251,Albert,Martin,AlbertMartin8@sample.com
38,1955/6/13,M,3500121055,Margarita,Wilkerson,MargaritaWilkerson5@sample.com
39,1928/4/28,M,3664435775,Bertha,Cornelius,BerthaCornelius9@sample.com
40,1952/5/25,M,6918931509,Jeannine,Mariscal,JeannineMariscal4@sample.com
41,1970/11/6,F,6322913453,Mark,Shea,MarkShea0@sample.com
42,2002/4/12,U,9922668985,Joyce,Munoz,JoyceMunoz10@sample.com
43,1954/2/28,M,3887362796,Kevin,Birkland,KevinBirkland8@sample.com
44,2010/9/11,U,1448671951,Tommy,Jefferson,TommyJefferson6@sample.com
45,1998/10/12,F,9261494357,Scott,Younts,ScottYounts5@sample.com
46,1998/3/16,M,2679570878,Phillip,Phillips,PhillipPhillips1@sample.com
47,1931/3/8,F,2630675838,Tracy,Diaz,TracyDiaz7@sample.com
48,1989/3/9,F,6449273026,Natalie,Sims,NatalieSims1@sample.com
49,1976/7/3,F,6591329947,Clair,Vazquez,ClairVazquez1@sample.com
50,1984/12/23,F,9637375546,David,Youree,DavidYouree7@sample.com
51,1954/3/23,F,1492482828,Sara,Lynch,SaraLynch5@sample.com
52,1932/4/23,F,8930777008,Carol,White,CarolWhite10@sample.com
53,1973/1/27,M,5793465004,Dana,Athey,DanaAthey5@sample.com
54,1921/3/14,F,8241149812,Pilar,Weeks,PilarWeeks3@sample.com
55,1922/1/26,F,8619228356,Shelia,Cohen,SheliaCohen3@sample.com
56,1971/6/11,F,8858767173,Ryan,Prechtl,RyanPrechtl10@sample.com
57,1991/12/31,F,4682629661,Byron,Murray,ByronMurray3@sample.com
58,1950/10/17,F,4912834576,Cindy,Durham,CindyDurham5@sample.com
59,1951/5/2,M,4818400400,Dave,Woodall,DaveWoodall4@sample.com
60,1993/9/16,M,2980008286,Gertrude,Harpole,GertrudeHarpole10@sample.com
61,1990/4/19,M,5935370852,Anderson,England,AndersonEngland5@sample.com
62,1957/4/22,U,3683143895,Johnny,Hart,JohnnyHart2@sample.com
63,1920/1/10,F,1996403798,Michael,Perez,MichaelPerez9@sample.com
64,1946/12/18,U,2173890046,Janelle,Watkins,JanelleWatkins7@sample.com
65,1942/1/19,F,1204864793,Regina,Hinkle,ReginaHinkle10@sample.com
66,2004/5/13,F,4132671645,Cathleen,Bazemore,CathleenBazemore5@sample.com
67,1960/10/26,F,2279297948,Lucille,Rangel,LucilleRangel0@sample.com
68,1932/12/29,M,5157002360,Deborah,Parrott,DeborahParrott5@sample.com
69,1929/12/9,M,8447365571,Robert,Burris,RobertBurris8@sample.com
70,1951/9/4,M,7145425064,Dale,Edgerly,DaleEdgerly5@sample.com
71,1996/11/23,M,5064282001,Colin,Lee,ColinLee8@sample.com
72,1984/3/7,M,1047733367,Jerry,Tarver,JerryTarver1@sample.com
73,1983/11/11,F,3707995554,Beatrice,Blankenship,BeatriceBlankenship6@sample.com
74,1930/4/6,F,8730255065,Vickie,Banks,VickieBanks2@sample.com
75,1996/10/28,F,7284464545,Robert,Keen,RobertKeen7@sample.com
76,1951/8/28,F,4933714182,Paul,Stefanski,PaulStefanski7@sample.com
77,1969/4/15,M,6271040912,Delbert,King,DelbertKing6@sample.com
78,1975/5/10,F,1159819483,Brandon,Sharpe,BrandonSharpe7@sample.com
79,1976/1/12,M,3802184225,Abraham,Schmidt,AbrahamSchmidt1@sample.com
80,1982/4/27,F,9037074618,Gloria,Kowal,GloriaKowal4@sample.com
81,2002/2/8,M,9923218581,Calvin,Reese,CalvinReese10@sample.com
82,1972/5/31,F,6213297257,Tennille,Flinchum,TennilleFlinchum0@sample.com
83,1944/11/27,M,5207906649,Victoria,Martin,VictoriaMartin4@sample.com
84,2010/6/20,M,4913706942,Eric,Blake,EricBlake6@sample.com
85,2006/9/29,M,9970341774,Albert,Watanabe,AlbertWatanabe4@sample.com
86,1964/6/14,M,2127451709,Julia,Gamez,JuliaGamez0@sample.com
87,1945/12/5,M,2838747150,Willie,Hoover,WillieHoover2@sample.com
88,1944/11/24,M,8646971678,Marie,Samet,MarieSamet2@sample.com
89,1973/1/2,M,1034464183,Daryl,Greco,DarylGreco8@sample.com
90,1923/4/29,F,3627267163,Violet,Sprenkle,VioletSprenkle5@sample.com
91,1993/7/30,F,8757507055,Thomas,Atkinson,ThomasAtkinson1@sample.com
92,1983/4/12,F,4810093051,Gordon,Daniel,GordonDaniel4@sample.com
93,1972/8/30,M,5492242544,Elizabeth,Vizarro,ElizabethVizarro8@sample.com
94,1929/4/20,F,3402836448,Glenn,Brien,GlennBrien7@sample.com
95,1957/6/8,F,4202621742,Janet,Hunt,JanetHunt5@sample.com
96,1954/3/11,M,6209578235,Cody,Hughley,CodyHughley1@sample.com
97,1971/3/17,F,5841451766,Lee,Harris,LeeHarris6@sample.com
98,1959/11/11,M,4633676893,Louis,Friedly,LouisFriedly5@sample.com
99,1958/9/10,F,1397119172,Harlan,Raper,HarlanRaper3@sample.com
100,1990/12/31,F,5280278513,Majorie,Brown,MajorieBrown5@sample.com
101,1988/5/10,F,6369772111,Kyle,Groves,KyleGroves4@sample.com
102,1961/9/1,M,7173082718,Leo,Gardner,LeoGardner5@sample.com
103,1949/11/17,M,7225345676,Donna,Ehrhart,DonnaEhrhart6@sample.com
104,1926/9/28,F,4579303226,Melanie,Delreal,MelanieDelreal8@sample.com
105,1973/10/3,M,8756324050,William,Hicks,WilliamHicks6@sample.com
106,1956/8/8,F,9177489849,Tommy,May,TommyMay9@sample.com
107,1956/2/15,M,1059986549,Henry,Little,HenryLittle8@sample.com
108,1958/7/29,F,6324033353,Jerry,Wolfe,JerryWolfe2@sample.com
109,1984/11/17,F,2848627238,Glenn,Jordan,GlennJordan6@sample.com
110,1932/11/18,F,1136595669,Stella,Wood,StellaWood2@sample.com
111,2002/4/10,M,1722460036,Lorenzo,Ramirez,LorenzoRamirez8@sample.com
112,1952/12/4,F,8635872389,Samantha,Geary,SamanthaGeary8@sample.com
113,1995/5/17,M,1843379656,Paul,Smith,PaulSmith5@sample.com
114,1953/5/6,F,5853841390,Betty,Vaughan,BettyVaughan1@sample.com
115,1950/1/8,F,1070056242,Amparo,Reed,AmparoReed9@sample.com
116,1959/9/29,F,1341969210,Richard,Guzman,RichardGuzman3@sample.com
117,1947/6/11,M,4725096029,Ward,Boone,WardBoone9@sample.com
118,1956/11/12,F,6002990347,Heather,Uong,HeatherUong0@sample.com
119,1939/2/23,F,1200287079,Lois,Boggan,LoisBoggan7@sample.com
120,1968/2/29,M,2598705446,Estela,Torres,EstelaTorres3@sample.com
121,1932/3/24,M,2727193846,Frances,Solomon,FrancesSolomon3@sample.com
122,2002/4/8,F,8227619660,David,Keller,DavidKeller3@sample.com
123,1986/8/15,F,6935041521,Nathan,Alleman,NathanAlleman5@sample.com
124,1969/5/14,M,6416524240,Shaun,Guinn,ShaunGuinn4@sample.com
125,1937/3/2,U,1255976239,Terry,Early,TerryEarly1@sample.com
126,1943/10/22,F,9508058075,Noel,Adkins,NoelAdkins0@sample.com
127,2003/3/14,F,7092509836,Thomas,Auvil,ThomasAuvil3@sample.com
128,1986/8/23,F,1633483048,Helen,Price,HelenPrice9@sample.com
129,1992/8/22,F,8392938652,Virgil,Cromer,VirgilCromer9@sample.com
130,1980/8/8,U,5860398641,Nicole,Pruneda,NicolePruneda8@sample.com
131,1956/11/3,F,6537081643,Maggie,Whitson,MaggieWhitson0@sample.com
132,1924/7/10,F,1452609697,Marcella,Wiersema,MarcellaWiersema5@sample.com
133,1999/6/22,F,2038459839,David,Isaacson,DavidIsaacson6@sample.com
134,1979/4/14,F,6789760061,Thomas,George,ThomasGeorge7@sample.com
135,1981/10/12,U,7674571172,Nicki,Faulkner,NickiFaulkner9@sample.com
136,1937/8/23,F,9673276702,Andrew,Somers,AndrewSomers7@sample.com
137,1961/2/24,U,1190063768,Deon,Velazquez,DeonVelazquez9@sample.com
138,1920/7/13,F,8490353074,David,Canterbury,DavidCanterbury9@sample.com
139,1974/12/3,M,6593501085,Robert,Moriarty,RobertMoriarty6@sample.com
140,1975/7/1,M,9825644659,Kerry,Tlumacki,KerryTlumacki7@sample.com
141,1928/3/21,F,8946994302,Jeffrey,Arya,JeffreyArya8@sample.com
142,1942/10/28,F,2695761604,Ann,Ayala,AnnAyala5@sample.com
143,1963/6/1,F,7098414265,Richard,Lugo,RichardLugo7@sample.com
144,1946/4/25,F,1947574503,Lawrence,Campbell,LawrenceCampbell4@sample.com
145,2004/7/6,M,5147212538,Cheryl,Kirschenbaum,CherylKirschenbaum4@sample.com
146,1969/12/20,F,1206623315,Jeffrey,Bennett,JeffreyBennett4@sample.com
147,1932/5/14,U,5610844382,Donald,Waddle,DonaldWaddle2@sample.com
148,1985/4/24,F,6089396740,Julia,Speight,JuliaSpeight7@sample.com
149,1989/6/13,M,9753404686,James,Sauers,JamesSauers9@sample.com
150,1977/11/8,M,2083146184,Milagros,Brooker,MilagrosBrooker10@sample.com
151,1952/11/8,F,4600046317,Steven,Sperdute,StevenSperdute9@sample.com
152,1982/5/25,F,6564296330,Bradley,Horvath,BradleyHorvath6@sample.com
153,1963/2/25,F,6095011376,Dean,Daise,DeanDaise10@sample.com
154,1936/6/18,F,1141993139,Betty,Farris,BettyFarris4@sample.com
155,1925/5/6,F,6243308967,Damien,Thompson,DamienThompson7@sample.com
156,1983/8/18,F,2658325679,Eduardo,Carbo,EduardoCarbo1@sample.com
157,1952/2/3,U,4506688748,Tina,Soriano,TinaSoriano8@sample.com
158,1990/4/11,M,9057250990,Bernadette,Shaw,BernadetteShaw7@sample.com
159,1945/8/17,M,8065719856,John,Gutierez,JohnGutierez7@sample.com
160,2008/1/13,U,9551862154,Josephine,Wise,JosephineWise0@sample.com
161,1950/1/25,F,1812610992,Melvin,Gregory,MelvinGregory10@sample.com
162,1926/9/9,M,4719054426,Rhea,Chang,RheaChang2@sample.com
163,1978/6/23,F,7700612394,Andre,Callender,AndreCallender9@sample.com
164,1995/10/28,U,9376031164,Daniel,Matthews,DanielMatthews0@sample.com
165,1956/5/11,F,3799741429,Rose,Lemieux,RoseLemieux6@sample.com
166,1957/11/20,F,8961874297,Barbara,Frye,BarbaraFrye4@sample.com
167,1929/6/22,F,6062479276,Vera,Powell,VeraPowell6@sample.com
168,1925/10/18,F,8039345249,Dustin,Jett,DustinJett5@sample.com
169,1920/10/10,F,6641196287,Kevin,Gonzalez,KevinGonzalez4@sample.com
170,2004/7/12,F,6937412235,Thomas,Spritzer,ThomasSpritzer8@sample.com
171,1946/10/22,F,8835661128,Diane,Elkins,DianeElkins4@sample.com
172,1927/7/18,M,9925163507,Shirley,Holman,ShirleyHolman6@sample.com
173,2006/6/3,F,9971018118,Marvin,Ferguson,MarvinFerguson8@sample.com
174,1952/8/9,F,6713779093,Robert,Rea,RobertRea10@sample.com
175,1939/12/12,F,1206066619,Daniel,Gray,DanielGray4@sample.com
176,2009/7/17,U,2982221616,Amy,Capponi,AmyCapponi2@sample.com
177,1945/9/14,M,7782711336,Carolyn,Gonzalez,CarolynGonzalez2@sample.com
178,1983/1/18,M,4257600899,Don,Freeman,DonFreeman6@sample.com
179,1975/6/3,F,6253685277,Virginia,Turman,VirginiaTurman7@sample.com
180,1951/1/23,M,6855100327,Kelly,Eaton,KellyEaton7@sample.com
181,1947/7/19,M,6168225723,Steve,Jennette,SteveJennette4@sample.com
182,1920/12/2,F,4896855931,Catherine,Ortega,CatherineOrtega3@sample.com
183,1963/10/3,F,3508473077,Alfonzo,Berman,AlfonzoBerman0@sample.com
184,1994/5/21,F,1341354399,Tasha,Jennins,TashaJennins8@sample.com
185,1929/3/26,M,6198279056,Christopher,Manzi,ChristopherManzi0@sample.com
186,1954/5/11,U,8778620369,Jesse,Spencer,JesseSpencer7@sample.com
187,1959/10/21,M,5081843735,Betsy,Stough,BetsyStough8@sample.com
188,1995/4/28,M,8755804613,Debra,Andrews,DebraAndrews0@sample.com
189,1981/3/18,U,4753517037,Laura,Ford,LauraFord0@sample.com
190,1993/8/19,F,1441853333,Wayne,Getzschman,WayneGetzschman9@sample.com
191,1923/3/15,F,8988580012,Cameron,Schroder,CameronSchroder10@sample.com
192,2001/6/1,F,7171878399,Willie,Los,WillieLos2@sample.com
193,1996/2/23,M,3468116252,Santos,Lawson,SantosLawson8@sample.com
194,2007/9/13,M,3845506480,Lisa,Langley,LisaLangley8@sample.com
195,2008/8/19,F,3597988396,Lula,Cotton,LulaCotton10@sample.com
196,1961/9/1,M,3981190327,Hazel,Aaron,HazelAaron9@sample.com
197,1923/8/12,M,2760568694,Arthur,Haydu,ArthurHaydu1@sample.com
198,2006/5/2,M,8511255787,Heather,Urie,HeatherUrie9@sample.com
199,1990/10/9,M,7389987670,Robert,Hettinger,RobertHettinger10@sample.com
200,1994/11/24,M,3952152384,Christopher,Nash,ChristopherNash5@sample.com
