Driver_id,F_Name,L_Name,SSN,Address,Phone_Num,Email,Gender,DOB
1,Lawrence,Virgil,512317736,"8140 Cynthia Islands Apt. 436 Rochester, NY 14620",6571828990,LawrenceVirgil7@sample.com,M,1955-01-11
2,Richard,Cannon,978668702,"75473 White Place Rochester, NY 14608",7343656302,RichardCannon9@sample.com,F,2009-02-22
3,Richard,Thompson,876892917,"7335 Brian Squares Apt. 729 Rochester, NY 14609",5684257511,RichardThompson10@sample.com,F,1961-07-11
4,Joanne,Cryderman,210957885,"553 Williamson Avenue Suite 341 Rochester, NY 14611",7469505226,JoanneCryderman3@sample.com,U,1977-09-28
5,John,Pichardo,144955431,"775 Chelsea Roads Apt. 118 Rochester, NY 14621",8506784844,JohnPichardo7@sample.com,M,1952-07-05
6,Raymond,Nealy,644090960,"123 Dawn Locks Apt. 764 Rochester, NY 14612",1395333082,RaymondNealy1@sample.com,F,1948-03-28
7,Margaret,Troyer,594476485,"Unit 4580 Box 0793 Rochester, NY 14609",1046126800,MargaretTroyer9@sample.com,M,1923-12-17
8,Claire,Sampson,936304036,"70899 Ayers Corner Rochester, NY 14617",1131991916,ClaireSampson6@sample.com,F,2002-01-11
9,Mary,Bernier,048170696,"23172 Kaufman Well Suite 894 Rochester, NY 14619",9067904899,MaryBernier0@sample.com,F,1961-11-22
10,Raymond,Franklin,839829720,"PSC 4061, Box 6910 Rochester, NY 14625",3407774428,RaymondFranklin6@sample.com,M,2008-03-26
11,Wanda,Burton,251862473,"6722 Robert Cliff Suite 388 Rochester, NY 14605",9646651486,WandaBurton8@sample.com,U,1982-04-23
12,Wm,French,069189731,"8036 Pacheco Summit Apt. 920 Rochester, NY 14619",3033730352,WmFrench9@sample.com,M,1940-08-07
13,Christine,Laxton,139354290,"0941 Molina Plains Rochester, NY 14627",8127485613,ChristineLaxton1@sample.com,F,1940-09-25
14,Suzanne,Mcshea,349668323,"755 Tracy Loop Suite 497 Rochester, NY 14622",5278828683,SuzanneMcshea8@sample.com,M,1983-08-29
15,Mellisa,Freeman,483815285,"34520 Nicole Harbors Apt. 370 Rochester, NY 14608",7754864461,MellisaFreeman3@sample.com,M,1939-10-09
16,Penny,Scott,400972717,"532 Reyes Port Rochester, NY 14625",8418327740,PennyScott8@sample.com,M,1950-10-06
17,Margaret,Thalls,781423577,"9498 Michael River Suite 822 Rochester, NY 14606",7853551916,MargaretThalls10@sample.com,F,1934-08-31
18,Claude,Quayle,606118922,"143 Robert Crossing Rochester, NY 14610",4516403399,ClaudeQuayle9@sample.com,F,2001-11-05
19,Stan,Boone,586435357,"7287 Branch Well Apt. 651 Rochester, NY 14621",5154753775,StanBoone3@sample.com,M,1985-09-11
20,Ramona,Pritchett,179609814,"4067 Williams River Suite 718 Rochester, NY 14618",3262964312,RamonaPritchett4@sample.com,F,1939-01-18
21,Louis,Kokko,958741518,"750 Thomas Village Apt. 750 Rochester, NY 14620",1378178142,LouisKokko3@sample.com,M,1966-10-16
22,Chong,Holmes,438525251,"958 Joseph Brook Suite 302 Rochester, NY 14605",4304798458,ChongHolmes7@sample.com,M,1999-12-27
23,Erika,Silva,854456732,"841 Mary Forge Apt. 081 Rochester, NY 14613",2991417073,ErikaSilva6@sample.com,F,1994-02-07
24,Alberto,Fries,771976214,"USS Hamilton Rochester, NY 14612",6358631602,AlbertoFries5@sample.com,U,1954-04-26
25,Michael,Graves,830087032,"988 Oneal Burg Rochester, NY 14622",7087828390,MichaelGraves9@sample.com,M,1992-01-12
26,Barbara,Stewart,005936029,"0936 Bailey Parkway Apt. 763 Rochester, NY 14607",1229474203,BarbaraStewart7@sample.com,F,1972-08-03
27,Jessica,Brookshire,225803663,"782 Michael Cove Suite 820 Rochester, NY 14623",6270022281,JessicaBrookshire4@sample.com,M,1938-09-07
28,Tisha,Amyx,735565701,"0069 Dana Route Suite 260 Rochester, NY 14622",6537624826,TishaAmyx5@sample.com,F,1922-02-05
29,Bill,Smith,103431576,"1223 Graves Plaza Apt. 285 Rochester, NY 14610",6928298431,BillSmith0@sample.com,M,1962-02-09
30,William,Patton,856678800,"482 Keith Cliffs Rochester, NY 14610",9425783270,WilliamPatton10@sample.com,M,1932-03-07
31,Gregory,Luthi,877325272,"621 Luis Light Rochester, NY 14617",9806856977,GregoryLuthi4@sample.com,F,1966-11-06
32,Mary,Davis,047241517,"0096 Cheryl Motorway Suite 270 Rochester, NY 14622",2847095408,MaryDavis9@sample.com,U,1955-04-30
33,Paula,Williams,005346541,"762 Linda Plains Apt. 434 Rochester, NY 14617",2280022458,PaulaWilliams5@sample.com,M,1975-11-06
34,Jacob,Stallings,061932137,"6916 Carter Mountains Suite 995 Rochester, NY 14619",7313510354,JacobStallings7@sample.com,M,1985-05-24
35,Lloyd,Chapman,429701922,"37931 Merritt Turnpike Suite 743 Rochester, NY 14604",2814758360,LloydChapman7@sample.com,F,1994-10-21
36,Billy,Sherry,183109595,"61860 Padilla Light Apt. 862 Rochester, NY 14606",9543269097,BillySherry1@sample.com,M,1947-08-21
37,Wanda,Campos,851945053,"USS Williams Rochester, NY 14626",8783103590,WandaCampos2@sample.com,M,2001-09-27
38,Ralph,Bonato,452436251,"5849 Bryant Unions Suite 134 Rochester, NY 14625",2306083961,RalphBonato10@sample.com,F,1938-06-11
39,Elida,Burton,813941025,"075 Miguel Tunnel Rochester, NY 14619",9022866063,ElidaBurton0@sample.com,M,1928-11-16
40,Kenneth,Robinson,405980266,"0209 Rachel Viaduct Rochester, NY 14627",4015777574,KennethRobinson3@sample.com,F,1983-07-08
41,Stephanie,Jordan,487781922,"1633 Roberts Throughway Rochester, NY 14615",4395064584,StephanieJordan4@sample.com,M,1988-04-29
42,Lisa,Cada,484562858,"572 Howard Loaf Suite 118 Rochester, NY 14618",9340003355,LisaCada2@sample.com,M,1985-09-04
43,Henry,Smith,943450785,"1877 Dunn Green Rochester, NY 14606",3350135471,HenrySmith0@sample.com,M,1952-09-17
44,Abraham,Bough,446258026,"77663 Megan Forge Rochester, NY 14612",1601125708,AbrahamBough8@sample.com,F,2004-02-10
45,Bradley,Horsley,783168956,"0113 Julie Motorway Apt. 625 Rochester, NY 14616",1992867963,BradleyHorsley3@sample.com,M,1928-02-24
46,David,Benford,024697439,"6446 Black Mountain Rochester, NY 14619",1900934227,DavidBenford4@sample.com,F,2010-04-02
47,Vanessa,Smith,344814736,"PSC 6713, Box 3758 Rochester, NY 14606",9333066945,VanessaSmith5@sample.com,M,1939-05-24
48,Joe,Ramsey,444820561,"3205 White Parkways Suite 108 Rochester, NY 14615",2250775901,JoeRamsey7@sample.com,M,1922-12-04
49,Robert,Kelly,376925262,"36955 Smith Canyon Rochester, NY 14607",7604771103,RobertKelly4@sample.com,M,1924-01-24
50,Donna,Kelly,068571308,"7544 Johnson Fields Rochester, NY 14612",7292152273,DonnaKelly7@sample.com,F,1984-01-20
