Restaurant_id,Name,Address,Phone_Num,Email,Website,Category
1,Lynn\'s Restaurant,"64694 Peters Summit Rochester, NY 14623",6107190046,LynnsRestaurant@sample.com,www.LynnsRestaurant.com,Indian
2,James\'s,"7788 Carl Mall Suite 211 Rochester, NY 14607",7673776700,Jamess@sample.com,www.Jamess.com,Indian
3,Jamie\'s,"144 Little Forks Apt. 407 Rochester, NY 14604",4831179525,Jamies@sample.com,www.Jamies.com,American
4,Ruby\'s,"09449 Cochran Walk Rochester, NY 14621",6022615088,Rubys@sample.com,www.Rubys.com,Korean
5,Jermaine\'s Restaurant,"299 Gerald Highway Apt. 752 Rochester, NY 14615",3693522945,JermainesRestaurant@sample.com,www.JermainesRestaurant.com,Indian
6,Yvette\'s Roadhouse,"USS Murphy Rochester, NY 14614",8805395483,YvettesRoadhouse@sample.com,www.YvettesRoadhouse.com,Chinese
7,Lynn\'s Restaurant,"7870 White Stravenue Rochester, NY 14626",1722132015,LynnsRestaurant@sample.com,www.LynnsRestaurant.com,Korean
8,Maria\'s,"82486 Jennings Causeway Rochester, NY 14605",5441348800,Marias@sample.com,www.Marias.com,American
9,Jason\'s,"188 Copeland Hollow Rochester, NY 14616",7066214719,Jasons@sample.com,www.Jasons.com,American
10,John\'s Restaurant,"223 Carrie Greens Rochester, NY 14620",6754850656,JohnsRestaurant@sample.com,www.JohnsRestaurant.com,Chinese
11,Jennifer\'s Roadhouse,"145 Willie Village Suite 490 Rochester, NY 14623",6981663027,JennifersRoadhouse@sample.com,www.JennifersRoadhouse.com,Indian
12,Jonathon\'s Restaurant,"5592 Alexa Park Rochester, NY 14605",8866043836,JonathonsRestaurant@sample.com,www.JonathonsRestaurant.com,American
13,Caleb\'s Restaurant,"04239 Jones Via Rochester, NY 14625",3511586755,CalebsRestaurant@sample.com,www.CalebsRestaurant.com,Chinese
14,Gloria\'s Roadhouse,"9087 Ryan Square Rochester, NY 14625",7835381722,GloriasRoadhouse@sample.com,www.GloriasRoadhouse.com,Chinese
15,Gail\'s,"768 Grant Centers Suite 267 Rochester, NY 14617",3045873952,Gails@sample.com,www.Gails.com,American
16,Judith\'s Restaurant,"70992 Paul Rue Apt. 936 Rochester, NY 14605",1123039100,JudithsRestaurant@sample.com,www.JudithsRestaurant.com,Chinese
17,Albert\'s Restaurant,"842 Martin Vista Apt. 983 Rochester, NY 14607",4031551616,AlbertsRestaurant@sample.com,www.AlbertsRestaurant.com,American
18,Carol\'s Restaurant,"698 Laura Pines Apt. 207 Rochester, NY 14608",9172329985,CarolsRestaurant@sample.com,www.CarolsRestaurant.com,Japanese
19,William\'s Restaurant,"USCGC Pham Rochester, NY 14609",5702149534,WilliamsRestaurant@sample.com,www.WilliamsRestaurant.com,American
20,Zachary\'s Restaurant,"81216 Charles Vista Suite 789 Rochester, NY 14623",2435378395,ZacharysRestaurant@sample.com,www.ZacharysRestaurant.com,Chinese
