Order_id,Cust_id,Driver_id,Restaurant_id,Time,Software,Delivery_Address,Payment_Method,Price,Delivery_Instruction,Tips
1,171,23,13,2021/11/13 4:47,Chowbus,"201 Bruce Place Rochester,NY 14611",Card,53.1,Hand to me,5.07
2,3,48,8,2021/11/13 0:58,Uber Eats,"7482 Aaron Coves Rochester,NY 14615",PayPal,25.54,Call me when delivered.,2.84
3,198,32,13,2021/11/13 22:06,Uber Eats,"PSC 4266, Box 9124 Rochester,NY 14612",Card,65.02,Call me when delivered.,5.63
4,192,15,14,2021/11/13 13:03,Uber Eats,"8885 Walsh Garden Rochester,NY 14610",Cash,43.65,Call me when delivered.,6.28
5,79,25,10,2021/11/13 10:46,Yelp,"PSC 9991, Box 4101 Rochester,NY 14617",Cash,55.16,Call me when delivered.,5.14
6,115,14,13,2021/11/13 11:05,Yelp,"194 Hill View Rochester,NY 14621",Card,48.39,Left at Front Door plz,3.64
7,149,49,12,2021/11/13 11:32,Uber Eats,"2815 Erin Divide Apt. 646 Rochester,NY 14614",Cash,32.83,Hand to me,2.05
8,160,9,13,2021/11/13 3:01,Grabhub,"USNV Diaz Rochester,NY 14627",Card,44.16,Hand to me,2.14
9,72,4,12,2021/11/13 6:17,Yelp,"43517 Zimmerman River Apt. 133 Rochester,NY 14608",Card,21.64,Call me when delivered.,5.73
10,28,49,16,2021/11/13 9:56,Grabhub,"07627 Jacob Dam Rochester,NY 14625",PayPal,59.05,Call me when delivered.,5.16
11,129,4,9,2021/11/13 22:13,Uber Eats,"509 Valerie Springs Rochester,NY 14612",Card,22.5,Call me when delivered.,3.84
12,154,1,3,2021/11/13 9:17,Uber Eats,"856 Reid Way Suite 413 Rochester,NY 14614",Cash,23.28,Hand to me,6.16
13,49,20,3,2021/11/13 12:14,Grabhub,"3832 Nicholas Spur Apt. 318 Rochester,NY 14609",Card,26.36,Call me when delivered.,6.5
14,120,38,3,2021/11/13 10:42,Chowbus,"PSC 2262, Box 2012 Rochester,NY 14616",PayPal,64.17,Left at Front Door plz,3.55
15,56,22,17,2021/11/13 13:25,Grabhub,"9615 Miller Park Rochester,NY 14607",PayPal,56.75,Hand to me,5.44
16,200,6,13,2021/11/13 8:43,DoorDash,"Unit 7842 Box 9425 Rochester,NY 14627",Card,58.54,Left at Front Door plz,6.77
17,200,29,3,2021/11/13 20:20,Chowbus,"Unit 7842 Box 9425 Rochester,NY 14627",PayPal,61.36,Hand to me,2.64
18,80,29,4,2021/11/13 16:40,Yelp,"8062 Hanson Wall Apt. 434 Rochester,NY 14605",PayPal,40.11,Call me when delivered.,5.28
19,179,25,16,2021/11/13 11:29,Yelp,"3771 Joshua Loop Rochester,NY 14608",Cash,68.16,Call me when delivered.,2.05
20,187,48,1,2021/11/13 5:13,Chowbus,"2109 Allison Haven Suite 396 Rochester,NY 14615",Cash,32.52,Hand to me,6.7
21,137,34,7,2021/11/13 3:50,DoorDash,"5790 Amanda Station Suite 265 Rochester,NY 14621",Card,38.93,Call me when delivered.,2.43
22,120,2,14,2021/11/13 16:33,DoorDash,"PSC 2262, Box 2012 Rochester,NY 14616",Card,61.66,Left at Front Door plz,2.57
23,145,15,9,2021/11/13 5:16,Uber Eats,"58341 Bennett Branch Rochester,NY 14615",Card,34.12,Hand to me,5.45
24,94,18,8,2021/11/13 5:51,Yelp,"4923 Bradshaw Bridge Apt. 552 Rochester,NY 14607",Card,49.11,Call me when delivered.,3.14
25,152,30,19,2021/11/13 15:21,Uber Eats,"24887 Mitchell Mountain Suite 288 Rochester,NY 14619",Cash,52.23,Left at Front Door plz,3.16
26,28,31,20,2021/11/13 19:54,Uber Eats,"07627 Jacob Dam Rochester,NY 14625",Card,22.16,Left at Front Door plz,4.18
27,61,32,7,2021/11/13 8:44,Uber Eats,"249 Julie Plains Suite 481 Rochester,NY 14607",Card,45.52,Hand to me,2.44
28,19,48,14,2021/11/13 21:05,Uber Eats,"54167 Jones Prairie Apt. 116 Rochester,NY 14610",PayPal,24.56,Hand to me,3.35
29,37,45,2,2021/11/13 6:20,Chowbus,"883 Kimberly Viaduct Apt. 564 Rochester,NY 14614",PayPal,30.06,Call me when delivered.,2.41
30,7,30,12,2021/11/13 23:25,Chowbus,"488 Fields Ferry Rochester,NY 14606",Cash,68.73,Call me when delivered.,2.01
31,57,39,13,2021/11/13 0:57,Uber Eats,"64336 Kenneth Garden Rochester,NY 14624",PayPal,24.77,Hand to me,5.92
32,26,36,10,2021/11/13 9:33,Chowbus,"26357 Stephanie Radial Rochester,NY 14609",Card,27.16,Left at Front Door plz,4.16
33,2,17,13,2021/11/13 2:09,Grabhub,"PSC 8145, Box 8464 Rochester,NY 14624",PayPal,30.56,Call me when delivered.,6.65
34,115,20,15,2021/11/13 4:22,Grabhub,"194 Hill View Rochester,NY 14621",PayPal,50.93,Hand to me,5.18
35,101,6,15,2021/11/13 1:33,Chowbus,"030 Christopher Canyon Apt. 633 Rochester,NY 14610",PayPal,31.59,Left at Front Door plz,3.09
36,171,27,8,2021/11/13 0:53,Uber Eats,"201 Bruce Place Rochester,NY 14611",Card,38.69,Hand to me,4.74
37,37,11,7,2021/11/13 22:41,Yelp,"883 Kimberly Viaduct Apt. 564 Rochester,NY 14614",PayPal,60.53,Left at Front Door plz,3.61
38,140,16,7,2021/11/13 2:03,Uber Eats,"38659 Tiffany Mountains Rochester,NY 14619",Card,24.31,Left at Front Door plz,6.09
39,20,34,17,2021/11/13 18:10,Chowbus,"23582 Wendy Lane Apt. 496 Rochester,NY 14611",Card,64.32,Hand to me,6.1
40,80,42,17,2021/11/13 2:55,Yelp,"8062 Hanson Wall Apt. 434 Rochester,NY 14605",Card,21.57,Call me when delivered.,6.5
41,2,32,17,2021/11/13 3:20,Grabhub,"PSC 8145, Box 8464 Rochester,NY 14624",Cash,25.12,Call me when delivered.,2.38
42,86,15,10,2021/11/13 19:36,Chowbus,"000 Patrick Burg Apt. 242 Rochester,NY 14622",Card,26.07,Call me when delivered.,2.7
43,135,36,16,2021/11/13 4:58,DoorDash,"869 Garcia Greens Rochester,NY 14627",Card,21.72,Left at Front Door plz,3.08
44,11,4,20,2021/11/13 0:18,Chowbus,"20714 Bruce Forest Suite 550 Rochester,NY 14626",Card,33.89,Left at Front Door plz,3.74
45,172,42,4,2021/11/13 18:33,Uber Eats,"28577 Nathan Bridge Suite 580 Rochester,NY 14617",Card,52.55,Hand to me,4.83
46,49,24,20,2021/11/13 14:59,Grabhub,"3832 Nicholas Spur Apt. 318 Rochester,NY 14609",Cash,57.11,Left at Front Door plz,5.32
47,71,15,10,2021/11/13 19:37,DoorDash,"002 Rogers Drive Apt. 997 Rochester,NY 14605",PayPal,30.26,Left at Front Door plz,3.73
48,52,42,18,2021/11/13 19:19,Yelp,"6211 Leonard Mountains Apt. 482 Rochester,NY 14607",Card,35.91,Call me when delivered.,6.88
49,103,31,10,2021/11/13 8:30,Grabhub,"012 Stacy Plain Rochester,NY 14625",Cash,24.23,Call me when delivered.,4.69
50,31,40,4,2021/11/13 3:05,Chowbus,"46552 Johnson Road Suite 828 Rochester,NY 14608",Card,50.63,Left at Front Door plz,3.32
51,177,46,3,2021/11/13 8:57,Grabhub,"7290 Deborah Bypass Rochester,NY 14612",Card,50.6,Hand to me,2.98
52,40,50,3,2021/11/13 21:58,DoorDash,"766 Peterson Mews Rochester,NY 14622",Cash,49.51,Left at Front Door plz,2.84
53,4,32,3,2021/11/13 18:57,Uber Eats,"0933 Taylor Freeway Apt. 179 Rochester,NY 14610",Card,47.82,Left at Front Door plz,2.94
54,154,43,7,2021/11/13 0:10,DoorDash,"856 Reid Way Suite 413 Rochester,NY 14614",Card,66.22,Call me when delivered.,6.18
55,72,16,2,2021/11/13 18:03,Chowbus,"43517 Zimmerman River Apt. 133 Rochester,NY 14608",Card,34.41,Hand to me,3.61
56,139,13,16,2021/11/13 10:34,Yelp,"9262 Sanchez Knoll Rochester,NY 14615",Cash,58.6,Call me when delivered.,2.63
57,87,33,18,2021/11/13 20:45,Uber Eats,"36846 Simpson Streets Rochester,NY 14607",Card,42.01,Call me when delivered.,3.34
58,3,44,19,2021/11/13 6:13,Yelp,"7482 Aaron Coves Rochester,NY 14615",Cash,64.9,Call me when delivered.,6.15
59,129,46,18,2021/11/13 14:08,Uber Eats,"509 Valerie Springs Rochester,NY 14612",Card,37.2,Hand to me,4.61
60,138,13,3,2021/11/13 0:01,Grabhub,"89219 Rhodes Parkways Rochester,NY 14607",Card,21.12,Hand to me,2.04
61,65,49,17,2021/11/13 3:00,Chowbus,"2975 Anna Turnpike Suite 763 Rochester,NY 14623",Cash,41.02,Call me when delivered.,2.45
62,35,17,8,2021/11/13 15:04,Yelp,"67272 Stanley Greens Rochester,NY 14622",Cash,33.15,Hand to me,6.67
63,41,2,16,2021/11/13 8:12,Yelp,"PSC 2261, Box 2346 Rochester,NY 14627",Card,49.31,Left at Front Door plz,6.2
64,36,19,1,2021/11/13 11:45,Chowbus,"68122 Nicole Junction Suite 133 Rochester,NY 14619",Card,22.77,Left at Front Door plz,4.19
65,18,49,12,2021/11/13 6:59,Grabhub,"USS Roberts Rochester,NY 14615",PayPal,45.05,Call me when delivered.,6.82
66,183,28,4,2021/11/13 15:35,DoorDash,"63713 Marshall Trace Rochester,NY 14605",Card,21.58,Hand to me,5.04
67,170,17,18,2021/11/13 12:42,Grabhub,"24965 Holly Forks Apt. 059 Rochester,NY 14607",Card,53.17,Call me when delivered.,3.59
68,191,26,12,2021/11/13 13:50,DoorDash,"USNV Bush Rochester,NY 14618",Card,25.39,Hand to me,3.8
69,8,12,13,2021/11/13 1:29,DoorDash,"0884 Phillips Locks Suite 722 Rochester,NY 14623",Cash,60.94,Call me when delivered.,5.88
70,67,47,9,2021/11/13 17:40,DoorDash,"9470 Jennifer Flats Rochester,NY 14624",Card,34.92,Hand to me,6.02
71,99,47,19,2021/11/13 20:06,Yelp,"2486 Bolton Lock Suite 116 Rochester,NY 14617",Card,35.35,Hand to me,3.03
72,154,14,2,2021/11/13 0:32,DoorDash,"856 Reid Way Suite 413 Rochester,NY 14614",Cash,58.07,Hand to me,3.62
73,153,43,2,2021/11/13 13:13,Yelp,"82434 Elizabeth Path Rochester,NY 14622",PayPal,44.04,Call me when delivered.,5.48
74,188,7,5,2021/11/13 3:49,DoorDash,"5615 Sarah Lock Rochester,NY 14627",Card,53.3,Hand to me,4.74
75,89,45,10,2021/11/13 6:14,Grabhub,"81037 Samantha Cliff Apt. 572 Rochester,NY 14627",Card,36.3,Left at Front Door plz,4.96
76,149,26,15,2021/11/13 13:53,Chowbus,"2815 Erin Divide Apt. 646 Rochester,NY 14614",Cash,35.2,Call me when delivered.,2.65
77,28,28,7,2021/11/13 6:43,DoorDash,"07627 Jacob Dam Rochester,NY 14625",Cash,57.55,Left at Front Door plz,3.23
78,118,27,4,2021/11/13 9:14,Uber Eats,"94514 Pope Turnpike Apt. 710 Rochester,NY 14604",Card,34.2,Call me when delivered.,3.92
79,123,21,10,2021/11/13 8:49,Yelp,"46104 Tanya Divide Suite 525 Rochester,NY 14604",Cash,30.13,Hand to me,3.1
80,121,13,1,2021/11/13 22:24,DoorDash,"12229 Bradley Forks Rochester,NY 14607",Cash,45.25,Hand to me,6.09
81,159,17,6,2021/11/13 7:03,DoorDash,"USNS Williams Rochester,NY 14619",PayPal,26.71,Hand to me,2.87
82,31,27,6,2021/11/13 2:36,DoorDash,"46552 Johnson Road Suite 828 Rochester,NY 14608",Card,53.14,Hand to me,6.79
83,95,50,8,2021/11/13 6:27,Grabhub,"40481 Gill Road Suite 668 Rochester,NY 14619",Cash,66.3,Left at Front Door plz,2.65
84,175,25,6,2021/11/13 6:30,Yelp,"591 Jonathan Rapid Suite 688 Rochester,NY 14605",Card,69.04,Call me when delivered.,2.51
85,109,46,9,2021/11/13 8:40,Uber Eats,"46659 Tabitha Extension Rochester,NY 14614",PayPal,34.97,Left at Front Door plz,6.4
86,122,39,8,2021/11/13 1:31,Uber Eats,"2962 Kenneth Groves Apt. 234 Rochester,NY 14620",PayPal,62.98,Left at Front Door plz,4.61
87,145,35,16,2021/11/13 11:20,DoorDash,"58341 Bennett Branch Rochester,NY 14615",PayPal,44.28,Left at Front Door plz,4.66
88,73,42,9,2021/11/13 5:51,Yelp,"601 Thomas Village Apt. 054 Rochester,NY 14619",Card,28.56,Hand to me,4.6
89,125,16,2,2021/11/13 5:13,Uber Eats,"55856 Riley Islands Suite 697 Rochester,NY 14613",PayPal,37.12,Left at Front Door plz,5.88
90,125,36,13,2021/11/13 10:15,Uber Eats,"55856 Riley Islands Suite 697 Rochester,NY 14613",Card,45.43,Call me when delivered.,6.41
91,196,11,11,2021/11/13 21:59,DoorDash,"3648 Erika Stravenue Suite 449 Rochester,NY 14616",Card,66.29,Call me when delivered.,4.05
92,97,42,10,2021/11/13 23:53,Chowbus,"42680 Amy Junctions Rochester,NY 14623",Card,67.54,Hand to me,2.93
93,128,49,5,2021/11/13 1:33,Yelp,"09207 Taylor Avenue Suite 368 Rochester,NY 14616",Card,52.35,Hand to me,4.2
94,59,17,7,2021/11/13 23:20,Chowbus,"14592 Robinson Stravenue Rochester,NY 14623",Cash,62.97,Left at Front Door plz,6.77
95,168,48,4,2021/11/13 4:03,Grabhub,"22293 Michael Trace Suite 183 Rochester,NY 14622",Card,30.45,Hand to me,3.44
96,179,32,9,2021/11/13 12:23,Chowbus,"3771 Joshua Loop Rochester,NY 14608",Card,24.39,Hand to me,2.73
97,1,13,16,2021/11/13 8:55,Yelp,"7837 Desiree Centers Apt. 075 Rochester,NY 14626",Card,31.16,Call me when delivered.,2.52
98,57,7,8,2021/11/13 3:13,Yelp,"64336 Kenneth Garden Rochester,NY 14624",Cash,65.33,Call me when delivered.,5.09
99,142,44,20,2021/11/13 20:48,DoorDash,"780 Edward Hill Rochester,NY 14611",Card,31.79,Left at Front Door plz,3.27
100,4,47,11,2021/11/13 5:50,Chowbus,"0933 Taylor Freeway Apt. 179 Rochester,NY 14610",Cash,52.35,Call me when delivered.,3.16
101,135,8,20,2021/11/13 11:12,Grabhub,"869 Garcia Greens Rochester,NY 14627",Cash,20.35,Hand to me,6.31
102,89,1,2,2021/11/13 17:30,Uber Eats,"81037 Samantha Cliff Apt. 572 Rochester,NY 14627",PayPal,21.49,Left at Front Door plz,6.77
103,114,35,10,2021/11/13 15:27,Uber Eats,"9996 Carey Fall Apt. 986 Rochester,NY 14612",Card,35.69,Hand to me,2.77
104,10,24,3,2021/11/13 6:09,Uber Eats,"2526 Smith Unions Suite 110 Rochester,NY 14627",Cash,35.41,Left at Front Door plz,3.42
105,136,27,6,2021/11/13 23:37,Grabhub,"325 Obrien Crest Suite 883 Rochester,NY 14618",PayPal,49.69,Left at Front Door plz,6.97
106,177,25,20,2021/11/13 5:34,DoorDash,"7290 Deborah Bypass Rochester,NY 14612",PayPal,40.01,Call me when delivered.,4.28
107,75,30,4,2021/11/13 19:49,Grabhub,"USCGC Edwards Rochester,NY 14611",Card,28.42,Left at Front Door plz,3.93
108,102,45,6,2021/11/13 16:10,DoorDash,"6986 Frye Land Rochester,NY 14621",PayPal,54.59,Left at Front Door plz,4.62
109,104,8,13,2021/11/13 1:28,DoorDash,"4136 Shawn Mews Apt. 044 Rochester,NY 14609",Card,65.38,Call me when delivered.,3.01
110,12,38,5,2021/11/13 9:30,Chowbus,"7399 John Inlet Rochester,NY 14623",Card,60.98,Call me when delivered.,2.78
111,54,40,17,2021/11/13 1:14,Yelp,"5980 Omar Knolls Apt. 106 Rochester,NY 14604",Cash,23.54,Left at Front Door plz,6.3
112,197,12,3,2021/11/13 15:54,Grabhub,"314 Short Terrace Apt. 183 Rochester,NY 14614",Card,64.01,Hand to me,6.79
113,169,49,6,2021/11/13 0:15,DoorDash,"181 Sean Plains Apt. 811 Rochester,NY 14612",Cash,44.17,Call me when delivered.,6.19
114,153,8,17,2021/11/13 7:13,Chowbus,"82434 Elizabeth Path Rochester,NY 14622",Card,32.91,Hand to me,3.23
115,162,26,19,2021/11/13 4:32,Uber Eats,"12243 Ortega Key Suite 004 Rochester,NY 14616",Card,57.31,Left at Front Door plz,6.48
116,65,11,13,2021/11/13 9:29,Chowbus,"2975 Anna Turnpike Suite 763 Rochester,NY 14623",Cash,35.39,Left at Front Door plz,4.47
117,60,13,1,2021/11/13 12:18,DoorDash,"7788 Andrea Isle Apt. 392 Rochester,NY 14624",Card,65.26,Hand to me,5.67
118,28,1,13,2021/11/13 14:45,DoorDash,"07627 Jacob Dam Rochester,NY 14625",Card,65.24,Hand to me,6.81
119,125,12,6,2021/11/13 4:43,Chowbus,"55856 Riley Islands Suite 697 Rochester,NY 14613",Card,20.41,Hand to me,4.34
120,28,26,10,2021/11/13 20:38,DoorDash,"07627 Jacob Dam Rochester,NY 14625",Cash,67.94,Left at Front Door plz,6.65
121,152,46,10,2021/11/13 3:26,Yelp,"24887 Mitchell Mountain Suite 288 Rochester,NY 14619",Card,36.58,Left at Front Door plz,4.67
122,186,2,6,2021/11/13 17:42,Uber Eats,"2539 Crystal Spring Rochester,NY 14620",PayPal,68.63,Call me when delivered.,4.8
123,121,25,18,2021/11/13 2:08,Yelp,"12229 Bradley Forks Rochester,NY 14607",Card,43.53,Hand to me,4.34
124,177,40,15,2021/11/13 4:40,DoorDash,"7290 Deborah Bypass Rochester,NY 14612",Cash,60.72,Hand to me,6.73
125,148,46,7,2021/11/13 20:29,Grabhub,"56034 Kristina Springs Apt. 116 Rochester,NY 14617",Card,35.72,Call me when delivered.,2.57
126,170,33,14,2021/11/13 0:19,DoorDash,"24965 Holly Forks Apt. 059 Rochester,NY 14607",PayPal,68.44,Left at Front Door plz,3.9
127,167,29,2,2021/11/13 4:12,Grabhub,"203 Walton Drives Rochester,NY 14619",Card,39.18,Hand to me,5.98
128,90,36,13,2021/11/13 8:50,Chowbus,"2824 Flores Forest Suite 819 Rochester,NY 14615",PayPal,36.05,Call me when delivered.,2.24
129,187,28,5,2021/11/13 14:01,Chowbus,"2109 Allison Haven Suite 396 Rochester,NY 14615",Card,63.76,Hand to me,5.17
130,80,19,17,2021/11/13 2:06,Uber Eats,"8062 Hanson Wall Apt. 434 Rochester,NY 14605",Card,30.83,Call me when delivered.,4.34
131,64,24,15,2021/11/13 20:45,Yelp,"2447 Benjamin Overpass Suite 628 Rochester,NY 14616",Cash,46.31,Hand to me,5.21
132,54,49,8,2021/11/13 20:51,Yelp,"5980 Omar Knolls Apt. 106 Rochester,NY 14604",Card,64.47,Hand to me,3.56
133,80,27,12,2021/11/13 3:40,Yelp,"8062 Hanson Wall Apt. 434 Rochester,NY 14605",Cash,30.49,Hand to me,2.75
134,111,13,14,2021/11/13 20:38,Yelp,"5633 Vasquez Prairie Apt. 930 Rochester,NY 14625",Cash,53.33,Call me when delivered.,5.1
135,99,45,5,2021/11/13 2:13,DoorDash,"2486 Bolton Lock Suite 116 Rochester,NY 14617",Card,30.73,Hand to me,5.82
136,180,36,15,2021/11/13 12:39,Chowbus,"7461 Martinez Union Rochester,NY 14621",Card,64.62,Left at Front Door plz,3.78
137,79,1,20,2021/11/13 6:25,Grabhub,"PSC 9991, Box 4101 Rochester,NY 14617",Cash,33.29,Call me when delivered.,4.14
138,30,31,20,2021/11/13 12:15,DoorDash,"7490 Riley Canyon Apt. 101 Rochester,NY 14626",Cash,61.09,Call me when delivered.,5.31
139,136,7,13,2021/11/13 13:27,Uber Eats,"325 Obrien Crest Suite 883 Rochester,NY 14618",Cash,33.63,Left at Front Door plz,2.39
140,153,24,8,2021/11/13 1:40,DoorDash,"82434 Elizabeth Path Rochester,NY 14622",Cash,51.4,Left at Front Door plz,2.14
141,29,46,20,2021/11/13 5:31,Uber Eats,"26335 Rachel Flats Rochester,NY 14627",Card,52.07,Hand to me,6.62
142,95,32,10,2021/11/13 12:27,Chowbus,"40481 Gill Road Suite 668 Rochester,NY 14619",Cash,54.9,Left at Front Door plz,2.7
143,58,46,11,2021/11/13 14:56,Uber Eats,"97809 Edward Inlet Rochester,NY 14606",PayPal,65.93,Left at Front Door plz,4.6
144,55,21,11,2021/11/13 17:37,Grabhub,"PSC 9042, Box 0266 Rochester,NY 14614",PayPal,43.21,Left at Front Door plz,5.81
145,20,1,6,2021/11/13 4:17,DoorDash,"23582 Wendy Lane Apt. 496 Rochester,NY 14611",Card,23.44,Call me when delivered.,2.22
146,104,50,17,2021/11/13 6:18,DoorDash,"4136 Shawn Mews Apt. 044 Rochester,NY 14609",Card,32.39,Call me when delivered.,4.48
147,51,11,10,2021/11/13 17:08,Chowbus,"595 Christy Ville Rochester,NY 14615",Cash,37.08,Left at Front Door plz,2.47
148,114,1,18,2021/11/13 6:39,Yelp,"9996 Carey Fall Apt. 986 Rochester,NY 14612",Card,64.48,Hand to me,3.76
149,114,31,19,2021/11/13 16:38,Yelp,"9996 Carey Fall Apt. 986 Rochester,NY 14612",Card,56.09,Hand to me,4.25
150,175,47,11,2021/11/13 12:37,Grabhub,"591 Jonathan Rapid Suite 688 Rochester,NY 14605",Card,39.56,Call me when delivered.,5.23
151,76,13,7,2021/11/13 1:04,DoorDash,"PSC 5880, Box 0809 Rochester,NY 14619",Cash,39.47,Hand to me,6.06
152,50,15,13,2021/11/13 9:43,Grabhub,"6799 Diaz Stravenue Rochester,NY 14608",PayPal,68.64,Left at Front Door plz,2.27
153,137,15,14,2021/11/13 4:58,Yelp,"5790 Amanda Station Suite 265 Rochester,NY 14621",Card,41.24,Call me when delivered.,5.48
154,116,32,10,2021/11/13 19:11,Grabhub,"81061 Miranda Cape Rochester,NY 14623",Card,62.36,Left at Front Door plz,6.15
155,117,40,13,2021/11/13 1:02,Grabhub,"12714 Thomas Ways Apt. 551 Rochester,NY 14610",PayPal,38.08,Hand to me,3.8
156,196,43,6,2021/11/13 15:10,Uber Eats,"3648 Erika Stravenue Suite 449 Rochester,NY 14616",Card,20.66,Call me when delivered.,5.76
157,23,22,11,2021/11/13 23:45,Grabhub,"756 Case Landing Suite 818 Rochester,NY 14608",Cash,57.45,Hand to me,3.83
158,25,9,18,2021/11/13 5:49,Grabhub,"Unit 1296 Box 3824 Rochester,NY 14609",Card,23.02,Left at Front Door plz,4.67
159,1,5,20,2021/11/13 4:10,Chowbus,"7837 Desiree Centers Apt. 075 Rochester,NY 14626",Card,65.85,Hand to me,3.42
160,139,6,15,2021/11/13 18:58,Uber Eats,"9262 Sanchez Knoll Rochester,NY 14615",Cash,51.8,Hand to me,4.21
161,57,40,7,2021/11/13 12:32,Grabhub,"64336 Kenneth Garden Rochester,NY 14624",Cash,53.24,Left at Front Door plz,4.85
162,122,2,14,2021/11/13 17:20,Uber Eats,"2962 Kenneth Groves Apt. 234 Rochester,NY 14620",Card,49.9,Left at Front Door plz,3.01
163,47,36,19,2021/11/13 20:57,Uber Eats,"USS Hodge Rochester,NY 14614",Cash,34.14,Call me when delivered.,6.58
164,1,1,19,2021/11/13 3:22,Uber Eats,"7837 Desiree Centers Apt. 075 Rochester,NY 14626",PayPal,44.6,Hand to me,2.94
165,42,49,18,2021/11/13 4:03,Grabhub,"220 Sarah Rest Suite 369 Rochester,NY 14620",Card,26.56,Call me when delivered.,3.89
166,199,20,11,2021/11/13 16:24,Chowbus,"5914 Dillon Hill Apt. 560 Rochester,NY 14623",PayPal,52.97,Call me when delivered.,6.74
167,99,46,9,2021/11/13 5:39,Chowbus,"2486 Bolton Lock Suite 116 Rochester,NY 14617",PayPal,35.87,Left at Front Door plz,6.29
168,197,1,10,2021/11/13 23:41,Yelp,"314 Short Terrace Apt. 183 Rochester,NY 14614",PayPal,31.34,Left at Front Door plz,4.17
169,28,30,20,2021/11/13 3:59,Grabhub,"07627 Jacob Dam Rochester,NY 14625",Card,49.07,Call me when delivered.,3.14
170,58,9,13,2021/11/13 3:17,Grabhub,"97809 Edward Inlet Rochester,NY 14606",Cash,63.71,Call me when delivered.,4.89
171,180,44,9,2021/11/13 11:16,DoorDash,"7461 Martinez Union Rochester,NY 14621",PayPal,54.8,Call me when delivered.,2.91
172,182,36,4,2021/11/13 7:20,Grabhub,"008 Walsh Villages Apt. 007 Rochester,NY 14624",Cash,55.21,Call me when delivered.,6.24
173,147,35,15,2021/11/13 3:27,Yelp,"75824 Alicia Lodge Suite 999 Rochester,NY 14611",Cash,25.64,Left at Front Door plz,5.19
174,161,3,15,2021/11/13 19:23,DoorDash,"13837 Taylor Light Rochester,NY 14621",Cash,28.52,Hand to me,5.35
175,199,17,6,2021/11/13 17:42,Yelp,"5914 Dillon Hill Apt. 560 Rochester,NY 14623",Cash,52.76,Left at Front Door plz,4.35
176,129,30,2,2021/11/13 11:28,Chowbus,"509 Valerie Springs Rochester,NY 14612",Card,30.12,Left at Front Door plz,5
177,149,29,15,2021/11/13 17:18,Yelp,"2815 Erin Divide Apt. 646 Rochester,NY 14614",Card,32.45,Call me when delivered.,6.17
178,35,30,19,2021/11/13 17:15,Chowbus,"67272 Stanley Greens Rochester,NY 14622",Cash,22.51,Call me when delivered.,6.06
179,158,9,2,2021/11/13 11:03,DoorDash,"00930 Ellis Springs Rochester,NY 14619",Card,59.49,Call me when delivered.,2.19
180,74,45,5,2021/11/13 19:47,Chowbus,"387 Hopkins Knoll Rochester,NY 14623",Card,67.58,Call me when delivered.,6.3
181,197,2,16,2021/11/13 9:30,Grabhub,"314 Short Terrace Apt. 183 Rochester,NY 14614",Cash,68.02,Hand to me,4.06
182,109,19,9,2021/11/13 9:51,DoorDash,"46659 Tabitha Extension Rochester,NY 14614",Card,26.43,Call me when delivered.,6.41
183,115,12,17,2021/11/13 19:27,Chowbus,"194 Hill View Rochester,NY 14621",Cash,40.81,Hand to me,4.21
184,1,47,4,2021/11/13 1:21,DoorDash,"7837 Desiree Centers Apt. 075 Rochester,NY 14626",Card,64.96,Left at Front Door plz,5.93
185,131,10,17,2021/11/13 18:38,Grabhub,"5421 Delacruz Rest Suite 379 Rochester,NY 14627",Card,33.74,Call me when delivered.,3.92
186,173,29,18,2021/11/13 6:16,Yelp,"1478 Vargas River Rochester,NY 14614",Card,26,Hand to me,3.29
187,23,2,4,2021/11/13 16:30,Chowbus,"756 Case Landing Suite 818 Rochester,NY 14608",PayPal,61.68,Hand to me,6.49
188,154,15,13,2021/11/13 5:26,Grabhub,"856 Reid Way Suite 413 Rochester,NY 14614",Card,46.73,Hand to me,5
189,63,28,13,2021/11/13 13:00,Uber Eats,"2478 Mitchell Greens Suite 450 Rochester,NY 14608",Cash,32.46,Call me when delivered.,6.51
190,199,2,7,2021/11/13 7:47,Yelp,"5914 Dillon Hill Apt. 560 Rochester,NY 14623",Cash,30.05,Call me when delivered.,2.61
191,178,20,15,2021/11/13 22:41,Uber Eats,"279 Gutierrez Landing Suite 980 Rochester,NY 14616",Card,36.43,Call me when delivered.,5.63
192,147,4,10,2021/11/13 2:13,Grabhub,"75824 Alicia Lodge Suite 999 Rochester,NY 14611",Card,47.18,Left at Front Door plz,4.86
193,105,39,10,2021/11/13 21:00,Chowbus,"3532 Thomas Ramp Apt. 081 Rochester,NY 14619",Card,48.77,Left at Front Door plz,5.06
194,167,29,14,2021/11/13 1:15,Grabhub,"203 Walton Drives Rochester,NY 14619",Card,60.41,Hand to me,5.44
195,60,7,13,2021/11/13 17:43,Uber Eats,"7788 Andrea Isle Apt. 392 Rochester,NY 14624",PayPal,31.75,Call me when delivered.,4.07
196,69,2,11,2021/11/13 17:21,DoorDash,"825 David Branch Rochester,NY 14607",Card,46.26,Call me when delivered.,6.48
197,55,10,10,2021/11/13 12:39,Grabhub,"PSC 9042, Box 0266 Rochester,NY 14614",Card,59.43,Left at Front Door plz,2.66
198,72,34,12,2021/11/13 22:33,Chowbus,"43517 Zimmerman River Apt. 133 Rochester,NY 14608",Card,59.04,Call me when delivered.,6.47
199,85,47,14,2021/11/13 4:07,Chowbus,"9318 Wright Grove Suite 454 Rochester,NY 14616",Cash,51.82,Call me when delivered.,4.05
200,133,23,17,2021/11/13 2:23,DoorDash,"718 David Pine Suite 805 Rochester,NY 14620",Card,66.16,Call me when delivered.,4.5
